{"cameraMode":{"drawMode":0,"name":"Shaded","section":"Shading Mode"},"sceneLighting":true,"audioPlay":false,"sceneViewState":{"showFog":true,"showMaterialUpdate":false,"showSkybox":true,"showFlares":true,"showImageEffects":true,"showParticleSystems":true},"in2DMode":false,"pivot":{"x":-19.93002700805664,"y":3.8503026962280275,"z":8.825889587402344},"rotation":{"x":-0.0030437903478741647,"y":0.9369217157363892,"z":-0.3494546115398407,"w":-0.008154401555657387},"size":17.094411849975587,"orthographic":false}